Index,Year,Month,AZ_Phoenix,CA_LosAngeles,CA_SanDiego,CA_SanFrancisco,CO_Denver,DC_Washington,FL_Miami,FL_Tampa,GA_Atlanta,IL_Chicago,MA_Boston,MI_Detroit,MN_Minneapolis,NC_Charlotte,NV_LasVegas,NY_NewYork,OH_Cleveland,OR_Portland,WA_Seattle,Composite_10,Date
1,1991,January,65.26,95.28,83.13,71.17,48.67,89.38,79.08,81.75,69.61,70.04,64.97,58.24,64.21,73.32,80.96,74.59,68.24,56.53,65.53,78.53,1/1/1991
2,1991,February,65.29,94.12,81.87,70.27,48.68,88.8,78.55,81.76,69.17,70.5,64.17,57.76,64.2,73.26,81.58,73.69,67.96,56.94,64.6,77.77,2/1/1991
3,1991,March,64.6,92.83,80.89,69.56,48.85,87.59,78.44,81.43,69.05,70.63,63.57,57.63,64.19,72.75,81.65,72.87,68.18,58.03,64.47,77,3/1/1991
4,1991,April,64.35,92.83,80.73,69.46,49.2,87.56,78.55,81.46,69.4,71.09,63.35,57.85,64.3,72.88,81.67,72.29,69.1,58.39,65.09,76.86,4/1/1991
5,1991,May,64.37,93.37,81.41,70.13,49.51,88.61,77.95,81.33,69.69,71.36,63.84,58.36,64.75,73.26,82.02,72.63,69.92,58.9,66.03,77.31,5/1/1991
6,1991,June,64.88,94.25,82.2,70.83,50.09,89.28,78.49,81.77,70.14,71.66,64.25,58.9,64.95,73.49,81.91,73.5,70.55,59.54,66.68,78.02,6/1/1991
7,1991,July,65.5,94.85,82.59,71.39,50.55,89.57,78.64,81.85,70.12,72.16,64.49,59.29,65.65,73.61,83.35,74.39,71.09,59.89,66.93,78.61,7/1/1991
8,1991,August,65.87,95.21,82.47,71.52,50.86,89.13,79.56,82.1,70.48,72.62,64.79,59.65,65.94,73.59,84.07,74.9,71.31,60.17,67.04,78.93,8/1/1991
9,1991,September,66.04,94.92,82.2,71.55,50.9,88.82,79.27,81.65,70.35,72.59,64.83,59.7,66.14,73.38,85.46,75.06,71.65,60.2,66.99,78.88,9/1/1991
10,1991,October,65.84,94.51,82.02,71.21,50.99,88.62,79.31,81.52,70.29,72.43,64.71,59.84,65.73,73.58,83.81,75.01,71.52,60.64,66.48,78.68,10/1/1991
11,1991,November,66.1,93.67,81.76,70.69,51.03,88.75,79.29,81.69,70.09,72.23,64.05,59.71,65.68,73.52,81.98,74.84,71.42,60.59,66.13,78.31,11/1/1991
12,1991,December,65.95,93.01,81.14,70.05,51.08,88.29,79.09,81.75,69.9,72.45,63.69,59.78,65.81,73.8,82.87,74.74,71,61.08,65.7,77.99,12/1/1991
13,1992,January,66.01,92.45,80.48,69.67,51.25,88.25,79.1,81.49,70.05,72.71,63.18,59.56,65.65,73.58,82.85,74.59,71.16,61.4,65.61,77.74,1/1/1992
14,1992,February,65.88,91.97,79.87,69.48,51.94,87.75,78.51,80.4,69.88,73.19,62.94,59.47,66.19,73.56,83.09,74.38,71.22,61.54,65.54,77.51,2/1/1992
15,1992,March,65.93,90.97,79.98,69.17,52.83,87.97,78.6,80.27,69.96,73.51,62.97,59.56,66.6,73.29,82.66,74.27,71.74,61.57,66.18,77.31,3/1/1992
16,1992,April,65.83,90.58,80.18,69.26,53.48,88.43,78.98,80.63,69.91,72.97,63.69,60.16,67,73.25,82.47,74.4,72.16,61.8,66.87,77.36,4/1/1992
17,1992,May,66.02,90.4,80.4,69.86,53.79,88.97,79.42,81.05,70.28,73.36,64.09,60.61,67.08,73.45,82.89,74.69,72.7,62.24,67.57,77.62,5/1/1992
18,1992,June,66.08,90.41,80.27,70.02,54.18,89.24,79.78,81.22,70.59,74.45,64.38,60.92,67.3,73.6,82.84,75.14,73.16,62.73,67.9,77.94,6/1/1992
19,1992,July,66.26,90.06,80.1,70,54.4,89.08,78.05,80.69,71.29,75.48,64.46,61.15,67.5,74.14,82.85,75.47,73.4,62.92,67.98,77.95,7/1/1992
20,1992,August,66.46,89.86,79.8,69.64,54.77,89.03,77.95,80.57,71.51,75.75,64.75,61.51,67.66,74.41,82.8,75.79,73.77,63.49,67.75,77.99,8/1/1992
21,1992,September,66.54,89.11,79.58,69.51,54.97,88.74,77.61,80.54,71.59,75.82,64.63,61.68,67.59,74.6,82.98,75.74,74.07,63.84,67.44,77.76,9/1/1992
22,1992,October,66.55,87.95,78.48,69.28,54.96,88.79,79.54,81.5,71.17,75.79,64.62,61.55,67.79,74.38,83.65,75.48,74.21,64.23,67.74,77.45,10/1/1992
23,1992,November,66.52,86.8,78.18,68.85,55.21,88.75,79.7,81.87,71.33,75.82,64.17,61.36,67.93,74.18,83.67,75.38,74.3,64.87,67.57,77.09,11/1/1992
24,1992,December,66.59,85.6,77.19,68.21,55.35,88.63,79.99,81.53,71.33,75.43,64.29,61.44,67.98,74.42,82.91,75.35,74.15,64.78,67.47,76.68,12/1/1992
25,1993,January,66.83,84.88,77.25,67.77,55.83,88.73,79.94,81.32,71.5,75.38,64.44,61.36,67.7,74.57,82.34,75.54,74.29,64.93,67.49,76.56,1/1/1993
26,1993,February,66.83,84.09,76.32,67.44,56.05,88.75,79.92,81.17,71.26,75.53,64.26,61.32,67.68,74.68,82.67,75.42,73.96,64.95,67.76,76.28,2/1/1993
27,1993,March,67.21,82.76,75.94,67.09,56.68,88.73,79.64,81.93,71.49,75.8,64,61.2,68.4,74.58,82.78,75.32,74.08,65.3,68.19,75.91,3/1/1993
28,1993,April,67.3,82.05,75.46,67.59,57.05,88.51,80.13,82.38,71.94,75.97,63.98,61.58,68.96,74.48,82.34,75.34,74.63,66.29,67.94,75.83,4/1/1993
29,1993,May,67.75,81.67,75.57,67.9,57.59,88.48,80.77,82.56,72.53,76.58,64.56,62.06,69.37,74.66,81.72,75.71,75.47,67.03,68.14,76.04,5/1/1993
30,1993,June,67.95,81.69,75.4,67.99,58.42,89.04,81.36,82.35,72.92,77.59,65.43,62.74,69.36,75.13,81.73,76.44,76.07,68.05,68.13,76.51,6/1/1993
31,1993,July,68.44,81.11,75.02,67.65,59.1,89.4,81.78,82.29,73.33,78.1,66.11,63.21,69.79,75.56,82.13,76.84,76.53,68.52,68.18,76.61,7/1/1993
32,1993,August,68.72,80.33,74.71,67.63,59.93,89.51,82.14,82.81,73.61,78.35,66.62,63.67,70.14,75.73,82.73,76.99,76.67,68.63,68.59,76.59,8/1/1993
33,1993,September,69.28,79.77,74.79,67.5,60.42,89.18,82.49,83.62,73.87,78.35,66.62,63.83,70.71,75.64,83.3,76.99,77.12,68.98,69.21,76.47,9/1/1993
34,1993,October,69.41,78.92,74.53,67.18,60.99,88.86,82.82,83.92,73.91,78.37,66.46,64.09,70.91,75.82,83.7,76.92,77.38,69.45,69.47,76.22,10/1/1993
35,1993,November,69.81,78.36,74.51,66.77,61.38,88.57,82.68,83.62,73.97,78.42,66.33,64.29,71.23,76.14,84.03,76.88,77.87,70.3,69.65,76.02,11/1/1993
36,1993,December,70.03,77.3,73.74,66.27,62.01,88.65,82.89,82.85,74.27,78.81,66.27,64.39,71.13,76.74,83.78,76.71,78.05,70.52,69.52,75.71,12/1/1993
37,1994,January,70.53,77,73.84,65.98,62.49,88.63,83.46,82.75,74.72,79.62,66.36,64.3,71.48,77.01,83.72,76.61,78.3,70.79,69.82,75.71,1/1/1994
38,1994,February,70.82,76.86,73.47,65.79,63.04,88.45,84.25,83.12,75.08,79.67,66.31,64.31,72.02,77.09,83.48,76.43,78.17,71.1,69.58,75.63,2/1/1994
39,1994,March,71.28,76.47,73.39,66.37,63.61,88.57,84.74,83.76,75.21,79.64,66.65,64.6,73.1,77.27,83.69,76.6,78.29,71.69,69.84,75.73,3/1/1994
40,1994,April,71.73,76.44,73.62,67.05,64.44,89.02,84.85,83.76,75.26,79.79,67.26,64.9,73.18,77.5,84.04,76.88,78.79,72.55,70.33,76.03,4/1/1994
41,1994,May,72.14,76.39,74.32,67.7,65.09,89.78,84.89,83.91,75.71,80.4,67.63,65.42,73.12,77.85,85.26,77.55,79.64,73.45,71.51,76.49,5/1/1994
42,1994,June,72.47,76.72,74.81,68.15,65.86,90.48,85.31,84.01,76.15,80.91,68.46,66.01,72.93,78.28,85.84,78.2,80.15,74.19,71.97,77.04,6/1/1994
43,1994,July,73,76.95,75.1,68.38,66.3,90.77,85.63,84.72,76.6,81.19,68.84,66.62,72.89,78.91,86.45,78.78,80.46,74.91,72.12,77.4,7/1/1994
44,1994,August,73.53,77.25,74.75,68.4,66.71,90.73,86.11,85.25,76.88,81.61,69.27,67.15,73.08,79.52,86.37,79.08,80.68,75.44,71.93,77.64,8/1/1994
45,1994,September,74.06,77.13,74.23,68.21,66.81,90.52,86.3,85.4,76.95,81.68,69.25,67.48,73.12,79.84,86.54,79.08,80.8,75.87,71.93,77.57,9/1/1994
46,1994,October,74.26,77.07,73.99,68.17,67.03,90.33,86.47,85.1,77.25,81.89,69.21,67.65,73.17,79.87,86.69,78.87,81.03,75.99,72.01,77.5,10/1/1994
47,1994,November,74.46,76.59,73.6,68.04,67.16,90.18,86.69,85.01,77.56,81.76,68.88,67.66,73.22,79.7,86.77,78.5,81.32,76.21,71.99,77.23,11/1/1994
48,1994,December,74.79,76.07,73.02,67.93,67.4,89.76,87.01,85.25,77.95,81.66,68.48,67.94,72.85,80.03,87.17,78.36,81.13,76.19,71.73,76.99,12/1/1994
49,1995,January,75.11,75.91,72.58,67.73,67.59,89.27,87.02,85.78,78.16,81.38,68.3,68.72,72.96,80.47,87.04,78.28,81.12,76.79,71.72,76.82,1/1/1995
50,1995,February,75.37,75.36,72.53,67.4,67.82,88.96,86.64,85.53,78.26,81.61,68.19,70.47,73.61,80.94,87.34,78.29,80.75,77.06,71.2,76.64,2/1/1995
51,1995,March,75.52,74.99,72.41,66.79,68.22,88.62,86.3,85.5,78.32,81.8,68.31,70.25,74.59,81.1,87.39,77.95,81.03,77.9,71.44,76.38,3/1/1995
52,1995,April,75.8,74.78,72.59,67.08,68.6,88.66,86.47,85.51,78.4,81.9,68.23,69.82,75.07,81.5,87.99,77.77,81.89,78.06,71.28,76.36,4/1/1995
53,1995,May,76.16,74.92,72.62,67.31,69.2,88.91,86.67,85.74,78.55,82.13,68.79,70.05,75.31,81.89,88.04,78.03,82.63,78.52,71.88,76.6,5/1/1995
54,1995,June,76.82,74.88,72.48,67.5,69.63,89.06,86.98,86.43,78.76,82.82,69.75,70.6,75.56,82.53,88.03,78.58,83.7,79.5,72.01,76.94,6/1/1995
55,1995,July,77.26,75.06,72.63,67.72,70.18,89.16,86.96,86.67,79.14,83.38,70.44,71.15,76.05,83.22,88.1,78.99,83.71,80.25,72.62,77.26,7/1/1995
56,1995,August,77.71,75.11,72.72,67.78,70.58,89.35,87.39,87.12,79.57,83.79,71.04,71.76,76.42,83.83,88.6,79.17,84.18,81.22,72.88,77.47,8/1/1995
57,1995,September,77.87,74.87,72.71,67.76,71.02,89.32,87.37,87.24,79.9,83.92,70.94,72.4,76.57,84.34,88.96,79.17,84.32,81.45,73.02,77.43,9/1/1995
58,1995,October,78.15,74.6,72.33,67.3,71.26,89.11,87.64,87.38,80.1,83.79,70.69,72.75,75.92,84.57,89.21,79.11,84.66,81.92,73.1,77.26,10/1/1995
59,1995,November,78.39,74.13,71.79,66.8,71.38,88.68,87.55,87.41,80.18,83.97,70.19,73.11,76.01,84.69,89.15,78.85,84.61,82.03,72.92,76.95,11/1/1995
60,1995,December,78.74,73.6,71.36,66.43,71.5,88.44,87.69,87.13,80.38,83.8,69.93,73.2,76.13,84.97,89.04,78.7,84.39,82.54,72.83,76.68,12/1/1995
61,1996,January,79.1,73.39,71.36,66.15,71.34,88.2,87.52,87.04,80.7,83.77,70.15,73.33,76.22,85.24,88.91,78.63,84.14,82.8,72.35,76.56,1/1/1996
62,1996,February,79.47,73.1,71.39,65.97,71.43,87.83,87.43,87.08,80.97,83.31,70.08,73.82,76.35,85.68,89.25,78.73,84.19,83.5,72.45,76.44,2/1/1996
63,1996,March,79.93,73.07,71.22,65.92,71.9,87.8,86.73,87.58,81.1,83.48,70.57,74.2,76.5,87.15,89.13,78.9,84.82,84.02,73.21,76.49,3/1/1996
64,1996,April,80.39,73.35,71.56,66.44,72.72,88.39,87.1,87.75,81.49,84.35,70.88,74.99,76.54,87.97,89.59,78.94,85.96,85.18,73.71,76.84,4/1/1996
65,1996,May,80.73,73.88,72.05,67.05,73.36,88.83,87.34,87.79,81.85,84.88,71.52,75.72,76.68,88.78,89.77,79.36,86.55,85.98,74.25,77.33,5/1/1996
66,1996,June,81.1,74.52,72.23,67.67,73.58,89.19,87.61,87.9,82.26,85.53,72.47,76.53,77.28,88.62,90.26,79.52,87.1,86.63,74.63,77.78,6/1/1996
67,1996,July,81.45,74.71,72.26,68.02,73.91,89.33,87.84,87.89,82.3,85.75,73.24,77.29,78.14,88.56,90.43,79.97,87.6,87.02,74.68,78.1,7/1/1996
68,1996,August,81.87,74.9,72.02,68.35,73.97,89.41,87.97,88.2,82.61,86.03,73.98,77.97,78.57,88.68,90.37,80.31,87.78,87.27,75.01,78.36,8/1/1996
69,1996,September,82.1,74.69,72.23,68.43,74.26,89.29,88.13,88.1,82.93,86.03,73.86,78.51,78.89,88.49,90.1,80.45,87.9,88.13,74.68,78.37,9/1/1996
70,1996,October,82.21,74.7,72.07,68.53,74.51,89.21,88.11,88.46,83.14,86.1,73.9,78.98,79.17,88.53,89.88,80.35,87.92,89.15,74.95,78.36,10/1/1996
71,1996,November,82.3,74.5,72.2,68.72,74.81,88.94,88.24,88.37,83.36,86.21,73.58,79.24,79.51,88.69,89.58,80.02,87.85,90.16,74.67,78.23,11/1/1996
72,1996,December,82.34,74.15,71.74,68.69,75.07,88.45,88.16,88.76,83.33,86.29,73.84,79.19,79.66,88.87,90.01,80.03,87.69,90.59,74.7,78.12,12/1/1996
73,1997,January,82.59,73.91,71.95,68.8,74.96,88.26,88.14,88.52,83.54,86.04,74.02,79.1,79.73,89.28,90.49,80.08,87.21,90.79,74.84,78.08,1/1/1997
74,1997,February,82.9,73.54,72.04,68.81,75.15,88.17,87.94,88.37,83.54,85.84,73.93,78.91,79.59,89.39,91.39,80.08,87.62,91.68,75.43,77.98,2/1/1997
75,1997,March,83.39,73.98,72.45,69.78,75.69,88.47,87.93,87.59,83.78,86.21,74.48,79.7,79.41,90.3,91.62,79.97,88.15,92.63,76.33,78.29,3/1/1997
76,1997,April,83.88,74.82,73.04,71.09,76.36,88.44,88.33,88.17,84.37,86.42,74.92,80.49,79.3,90.42,91.46,80.03,88.6,93.53,77.71,78.76,4/1/1997
77,1997,May,84.26,75.72,73.56,72.19,76.95,88.88,88.58,88.57,85.03,86.74,75.86,81.45,80.02,90.85,91.48,80.53,89.18,93.92,79.18,79.42,5/1/1997
78,1997,June,84.52,76.62,74.49,73.12,77.6,89.4,88.81,88.87,85.38,87.26,76.9,82.21,80.65,91.01,91.8,81.53,89.33,93.45,80.35,80.25,6/1/1997
79,1997,July,84.56,77.2,74.99,73.75,78.22,89.68,88.83,89.13,85.61,87.88,77.61,82.8,82.33,91.55,92.32,82.32,90.06,93.52,81.44,80.86,7/1/1997
80,1997,August,84.84,78.07,75.73,74.43,78.76,89.97,89,89.54,85.75,88.34,78.14,83.2,82.73,91.83,92.74,82.72,89.92,93.2,81.72,81.41,8/1/1997
81,1997,September,85.26,78.29,75.95,74.76,78.88,89.93,89.31,89.71,86.26,88.46,78.33,84,82.26,92.18,92.88,82.8,90.37,93.37,82.1,81.57,9/1/1997
82,1997,October,85.81,78.77,76.47,75.22,79.14,89.98,89.71,89.71,86.52,88.62,78.64,84.41,82.55,92.41,93.1,82.84,89.99,93.11,82.32,81.83,10/1/1997
83,1997,November,86.17,78.97,76.77,75.31,79.45,89.75,90.03,89.75,86.95,88.99,78.77,84.84,82.52,92.32,93.01,82.94,90.49,93.5,82.68,81.98,11/1/1997
84,1997,December,86.41,79.5,77.57,75.81,79.91,89.71,90.5,90.2,87.09,89.18,78.94,84.81,82.76,92.15,93.04,83.11,90.37,93.77,83.15,82.31,12/1/1997
85,1998,January,86.64,80.28,78.23,76.19,80.17,89.5,90.8,90.68,87.4,89.69,79.24,84.98,82.68,92.13,92.94,83.36,90.78,93.6,83.49,82.7,1/1/1998
86,1998,February,87.09,81.14,79.03,76.53,80.33,89.33,90.88,90.81,87.6,89.75,79.48,85.41,83.06,92.37,93.3,83.85,90.76,93.57,84.61,83.13,2/1/1998
87,1998,March,87.52,82.73,80.45,77.48,80.69,89.42,90.75,90.91,88.2,89.99,80.2,85.67,83.03,92.86,94.48,84.28,91.1,94.07,85.7,83.87,3/1/1998
88,1998,April,88.06,83.96,81.88,79.08,81.48,90.05,91.03,91.21,89.03,90.12,81.07,86.38,83.75,93.22,94.58,84.76,91.88,94.95,86.92,84.69,4/1/1998
89,1998,May,88.6,85.4,83.13,80.82,82.4,90.78,91.43,91.47,89.86,90.88,82.55,87.25,84.35,93.99,94.5,85.52,92.61,95.61,88.06,85.77,5/1/1998
90,1998,June,89.41,86.97,84.57,82.41,83.37,91.76,92.12,91.97,90.49,92.01,84.12,88.02,85.26,94.45,94.32,86.58,93.63,96.14,89.16,87.03,6/1/1998
91,1998,July,90.05,88.62,85.81,83.52,84.2,92.29,92.67,92.72,90.76,92.59,85.42,88.79,86.14,94.78,94.58,87.7,93.94,96.44,90.01,88.14,7/1/1998
92,1998,August,90.54,89.98,87.05,84.41,85.05,92.76,92.98,93,90.99,93.02,86.4,89.39,86.88,95.04,94.69,88.48,94.1,96.81,90.41,89.01,8/1/1998
93,1998,September,90.86,90.95,87.82,85.06,85.79,92.79,93.2,93.47,91.28,92.8,87.19,90.01,87.36,95.17,95.14,89.04,94.17,97.03,90.92,89.58,9/1/1998
94,1998,October,91.15,91.38,88.09,85.05,86.46,92.88,93.25,93.45,91.95,92.82,87.32,90.42,88.01,95.42,95.14,89.31,94.34,97.29,91.38,89.8,10/1/1998
95,1998,November,91.59,91.38,88.28,84.66,86.96,92.98,93.49,93.8,92.55,92.14,87.14,91.02,88.79,95.39,95.46,89.41,94.54,97.41,91.72,89.76,11/1/1998
96,1998,December,92.04,91.3,88.33,84.5,87.25,93.21,93.75,93.96,92.95,92.4,87.45,91.61,89.32,95.48,95.46,89.43,94.59,97.88,91.55,89.82,12/1/1998
97,1999,January,92.41,91.22,89.18,85.03,87.93,93.47,94.01,94,93.29,92.42,88.48,92.26,89.73,95.73,95.92,89.49,94.95,98.19,91.66,90.06,1/1/1999
98,1999,February,92.91,91.46,90.05,85.93,88.67,93.41,94.21,94.19,93.64,92.68,89.26,92.69,89.99,96.05,96.38,89.89,94.93,98.59,91.98,90.48,2/1/1999
99,1999,March,93.81,92.37,91.32,87.51,90.22,93.89,94.75,94.28,94.34,92.83,90.14,92.82,90.42,97.19,96.33,90.56,95.67,98.2,93.23,91.31,3/1/1999
100,1999,April,94.63,93.95,92.27,89.21,91.31,94.98,95.67,95.19,94.98,94.07,91.17,92.95,91.53,98.12,96.59,91.59,96.63,98.74,94.66,92.55,4/1/1999
101,1999,May,95.14,95.27,93.11,90.82,92.51,95.81,96.21,96.02,95.91,95.37,92.79,93.82,92.36,98.9,97.27,92.49,97.37,99.38,95.97,93.69,5/1/1999
102,1999,June,95.77,96.62,94.65,92.52,93.75,97.09,96.18,96.66,96.66,96.83,94.29,94.83,93.63,99.32,98.07,94.07,97.86,100.08,97.16,95.1,6/1/1999
103,1999,July,96.33,97.49,95.71,94.2,94.92,98.15,96.79,97.46,97.32,97.51,96.08,96.22,94.79,99.55,98.58,95.47,98.06,100.35,97.64,96.28,7/1/1999
104,1999,August,97.23,98.3,96.88,95.14,96.14,99.15,97.32,97.79,97.62,98.11,97.27,97.02,96.22,99.7,98.53,96.88,98.54,100.65,98.11,97.31,8/1/1999
105,1999,September,97.91,98.63,97.77,96.15,97.62,99.58,98.01,98.22,98.01,98.31,98.33,98.03,97.7,99.82,99.03,97.67,98.76,100.71,98.66,97.99,9/1/1999
106,1999,October,98.56,98.99,98.55,96.72,98.54,99.53,98.05,98.8,98.59,98.97,99.13,98.48,98.83,99.47,99.34,98.24,99.22,100.91,99.45,98.48,10/1/1999
107,1999,November,99.03,99.34,99.19,97.87,99.06,99.39,98.68,98.94,99.12,99.38,99.67,99.1,99.54,99.3,99.78,98.59,99.54,100.34,99.96,98.94,11/1/1999
108,1999,December,99.49,99.79,99.47,98.9,99.42,99.73,99.52,99.92,99.76,99.84,100.01,99.64,100.02,99.61,99.69,99.28,99.73,100.29,99.94,99.51,12/1/1999
109,2000,January,100,100,100,100,100,100,100,100,100,100,100,100,100,100,100,100,100,100,100,100,1/1/2000
110,2000,February,100.43,100.62,101.07,102.7,100.73,100.53,100.21,100.51,100.8,100.52,100.36,100.44,100.22,100.43,100.33,100.54,99.63,100.52,100.48,100.81,2/1/2000
111,2000,March,101.42,102.13,103.26,106.56,101.99,101.7,100.74,100.75,101.18,101.53,101.31,100.65,100.58,100.92,100.9,101.27,100.35,100.91,102.24,102.24,3/1/2000
112,2000,April,102.13,103.7,105.42,110.97,103.07,103.34,101.83,102.02,102.5,102.78,103.27,101,102.01,102.27,101.2,102.41,101.42,101.99,103.46,104.01,4/1/2000
113,2000,May,102.98,104.99,107.15,115.01,105.26,104.91,102.81,103.26,103.38,104.38,105.85,102.09,103.74,102.68,101.93,104.35,102.3,102.29,104.78,105.98,5/1/2000
114,2000,June,103.89,106.36,109.64,118.45,107.32,106.29,103.49,104.35,104.58,106.08,108.48,103.19,105.49,103.27,102.44,106,102.65,102.7,105.28,107.83,6/1/2000
115,2000,July,104.35,107.23,111.21,119.48,108.93,107.72,103.67,105.45,104.81,107.01,110,104.4,106.74,102.85,103.14,107.52,102.6,102.98,105.82,109.02,7/1/2000
116,2000,August,104.92,108.18,112.84,119.95,110,109.1,104.37,105.79,105.09,107.39,111.38,104.7,108.01,103.02,103.73,108.9,102.92,103.3,105.88,110.07,8/1/2000
117,2000,September,105.34,108.94,113.66,120.94,111.35,110.18,105.23,106.14,105.08,107.3,112.67,105.32,109.32,102.88,104.51,109.76,103.05,103.31,106.1,110.9,9/1/2000
118,2000,October,105.67,109.56,114.22,123.08,112.33,110.5,106.25,106.65,105.56,107.29,114.11,105.58,110.57,102.88,105.16,110.51,103.59,103.33,106.08,111.75,10/1/2000
119,2000,November,105.93,110.12,115.49,125.66,113.35,110.99,107.56,108.18,106.04,107.43,115.36,106.58,111.99,102.95,105.34,110.89,103.45,103.21,106.33,112.6,11/1/2000
120,2000,December,105.88,110.12,116.32,128.58,114.24,111.96,108.89,110.09,106.35,107.86,116.56,106.9,112.23,102.41,105.36,111.87,103.92,103.84,106.73,113.56,12/1/2000
121,2001,January,105.93,110.88,117.54,131.16,114.75,112.73,110.28,110.82,106.63,108.35,117.67,107.18,113.13,102.86,105.23,112.66,103.94,103.92,106.7,114.58,1/1/2001
122,2001,February,106.27,111.32,118.46,133.27,115.79,113.99,110.76,111.41,106.9,108.63,118.51,106.98,113.57,103.15,105.39,113.51,103.93,104.01,106.72,115.45,2/1/2001
123,2001,March,107.05,112.98,121.19,134.1,116.33,115.4,111.94,111.61,107.24,109.38,119.94,107.28,115.15,103.7,106.21,114.48,104.07,104.32,107.41,116.69,3/1/2001
124,2001,April,107.85,114.12,122.93,134.38,117.95,117.9,113.32,113.14,108.08,110.63,121.54,107.6,116.05,103.81,107.4,115.6,104.37,105.14,108.97,117.94,4/1/2001
125,2001,May,108.65,115.31,124.3,134.09,119.2,119.3,114.84,113.62,108.74,112.12,123.11,108.3,117.53,104.58,108.56,116.38,105.37,106.11,109.76,118.94,5/1/2001
126,2001,June,109.19,116.47,125.28,132.64,120.45,120.93,115.97,115.32,109.77,113.79,125.12,109.07,119.55,104.94,109.76,117.9,106.31,107.13,110.56,120.03,6/1/2001
127,2001,July,109.85,117.36,126.34,130.95,121.12,122.31,117.08,116.57,110.24,115.2,126.76,110.08,121.67,105.49,110.93,119.66,107.2,108.03,110.84,121.01,7/1/2001
128,2001,August,110.36,118.67,127.19,129.15,121.78,123.61,118.3,118.27,110.71,116.19,128.26,110.91,122.86,105.18,111.74,121.41,107.82,108.83,111.23,121.99,8/1/2001
129,2001,September,110.75,119.51,128.19,128.6,122.41,124.5,119.67,118.38,111.09,116.69,129.62,111.53,124.22,105.16,112.54,122.91,107.92,109,111.72,122.89,9/1/2001
130,2001,October,111.2,120.16,129.14,128.01,122.36,124.87,121.32,119.05,111.24,116.82,130.51,111.66,125.22,104.59,112.73,123.86,107.48,108.93,111.94,123.46,10/1/2001
131,2001,November,111.31,120.48,129.71,126.99,121.93,124.93,122.89,119.59,111.17,116.77,130.94,111.47,126.27,104.33,113.3,124.74,106.63,108.4,111.97,123.78,11/1/2001
132,2001,December,111.57,120.65,129.31,125.47,121.32,125.65,124.02,120.21,111.01,116.88,130.06,111.52,126.55,104.05,113.32,124.72,106.1,108.12,111.58,123.64,12/1/2001
133,2002,January,111.61,121.45,128.79,125.13,121.3,125.99,124.52,120.33,111.18,116.96,129.93,111.31,126.18,104.12,113.7,125.19,106.21,108.13,111.79,123.93,1/1/2002
134,2002,February,112.05,122.26,129.82,126.06,121.21,127.19,125.06,120.4,111.67,117.29,129.63,111.53,125.92,104.48,113.96,125.4,106.45,108.53,112.07,124.45,2/1/2002
135,2002,March,112.63,124.12,131.76,128.79,122.05,128.47,126.35,122.07,112.02,117.66,131.21,111.53,126.72,105.17,114.32,126.5,106.94,110.18,112.74,125.92,3/1/2002
136,2002,April,113.34,126.23,135.04,132.62,122.7,130.78,127.84,123.35,112.39,118.97,133.34,111.56,127.53,105.98,114.72,127.93,107.82,110.65,113.4,127.95,4/1/2002
137,2002,May,114.05,128.73,138.14,136.07,123.95,133.4,129.83,124.76,113.01,120.38,136.76,112.23,129.39,106.38,115.63,129.89,108.69,111.61,114.18,130.33,5/1/2002
138,2002,June,114.83,131.59,141.41,139.35,124.75,135.67,131.59,125.7,113.75,121.56,139.56,113.32,131.06,106.86,116.7,132.2,109.79,111.87,114.84,132.76,6/1/2002
139,2002,July,115.41,133.97,144.15,141.02,125.46,138.48,133.39,127.18,114.31,122.77,141.77,114.44,132.75,106.9,117.61,135.18,110.25,113.06,115.28,135.04,7/1/2002
140,2002,August,115.9,136.59,147.25,141.93,125.55,140.68,134.91,128.18,114.68,123.49,143.66,115.04,134.11,107.37,118.34,137.74,110.44,112.94,115.49,137.04,8/1/2002
141,2002,September,116.14,138.62,149.54,142.29,125.66,142.39,136.76,128.9,114.76,124.07,145.85,115.48,135.11,107.57,118.91,139.69,110.2,113.03,115.62,138.62,9/1/2002
142,2002,October,116.42,140.76,151.87,142.74,125.69,143.3,138.62,129.48,114.86,124.66,147.43,115.5,136.52,107.45,119.98,141.58,110.16,112.86,115.88,140.12,10/1/2002
143,2002,November,116.59,142.07,153.58,143.06,125.84,143.77,140.09,130.43,114.91,125.38,148.33,116.12,137.26,107.23,120.93,143.29,109.65,113.09,115.87,141.26,11/1/2002
144,2002,December,116.7,143.26,154.43,142.4,125.41,144.96,141.98,132.18,114.91,126.27,147.28,115.92,138.53,107.18,121.73,145.2,109.98,113.51,116.18,142.18,12/1/2002
145,2003,January,117.1,144.27,155.4,141.9,124.81,145.19,143.78,133.22,115.12,126.77,146.79,115.52,138.59,107.68,121.94,146.55,110.15,113.69,115.8,142.86,1/1/2003
146,2003,February,117.72,145.3,156.17,142.19,124.33,146.01,145.46,134.29,115.23,127.48,147.18,114.68,138.88,107.85,122.46,147.3,110.58,114.18,116.27,143.59,2/1/2003
147,2003,March,118.75,147.23,157.75,143,124.87,146.75,147.09,134.56,115.84,128.26,148.99,115.3,138.95,107.8,122.94,148.38,110.82,114.84,117.04,144.84,3/1/2003
148,2003,April,119.37,149.65,160.23,144.69,125.17,148.92,148.36,136.16,116.06,129.05,150.42,116.34,139.73,107.69,124.46,149.53,111.88,115.86,118.23,146.45,4/1/2003
149,2003,May,120,152.27,162.55,145.53,125.67,151.53,149.75,137.85,116.88,130.52,152.15,117.44,141.29,107.86,125.68,150.88,113.04,116.94,119.23,148.17,5/1/2003
150,2003,June,120.79,154.98,165.26,146.53,125.61,154,150.67,138.7,117.35,131.43,153.3,117.77,142.44,108.75,127.38,151.86,114.03,118.28,120.15,149.7,6/1/2003
151,2003,July,121.79,158.34,167.98,147.75,126.07,156.47,152.65,139.61,117.79,132.5,154.21,118.19,144.3,109.03,129.3,153.5,114.71,119.21,120.84,151.65,7/1/2003
152,2003,August,122.89,161.89,171.27,148.72,126.72,158.7,155.07,140.14,118.17,133.01,154.97,118.36,145.77,109.46,131.85,155.14,115.55,119.95,121.88,153.61,8/1/2003
153,2003,September,123.82,165.29,175.03,150.25,126.94,161.01,157.28,142.36,118.53,133.94,156.38,118.88,147.4,109.24,134.16,157.1,116.08,120.49,122.42,155.77,9/1/2003
154,2003,October,124.75,168.4,178.7,151.75,127.05,162.65,159.59,143.73,118.4,134.87,157.63,119.52,148.46,110.18,136.77,158.73,116.46,121.03,123.43,157.71,10/1/2003
155,2003,November,125.53,171.11,181.79,153.36,127.08,164.14,161.11,145.27,118.45,135.91,158.63,119.81,149.35,110.53,139.16,160.59,116.12,121.66,123.53,159.55,11/1/2003
156,2003,December,126.33,173.98,184.11,154.62,126.98,165.79,162.93,145.61,118.31,137.09,158.58,119.82,149.43,110.65,142.69,162.31,116.14,122.1,124.38,161.27,12/1/2003
157,2004,January,126.61,177.01,186.33,155.93,127.2,167.79,164.82,147.9,118.67,137.65,158.54,119.57,149.7,109.75,145.95,163.63,115.62,122.06,124.42,162.9,1/1/2004
158,2004,February,127.28,180.49,189.89,158.11,127.21,169.51,166.65,149.04,118.65,138.1,159.19,119.3,149.95,109.63,149.93,164.92,115.47,122.41,125.22,164.82,2/1/2004
159,2004,March,128.5,186.55,196.4,160.9,127.73,172.3,170,151.56,119.06,138.08,161.1,119.91,150.77,110.42,157.87,166.61,115.59,122.75,126.33,167.91,3/1/2004
160,2004,April,130.1,193.22,203.64,164.65,128.34,176.62,172.61,152.53,120.1,139.26,164.29,120.49,152.2,111.66,166.32,168.3,117.05,124.97,128.23,171.58,4/1/2004
161,2004,May,131.95,199.58,210.94,167.76,129.12,182.19,176.4,154.96,120.88,141.28,166.59,121.32,153.71,112.58,174.98,170.52,117.9,126.56,130.15,175.43,5/1/2004
162,2004,June,134,206.38,218.18,171.51,130.45,188.02,179.64,157.77,121.49,142.57,168.57,121.63,155.98,113.46,185.55,172.9,118.63,128.19,131.94,179.45,6/1/2004
163,2004,July,136.42,211.08,224.22,173.85,131.1,192.08,183.12,160.22,122.23,143.96,169.69,122.01,157.15,113.82,195.03,175.74,119.02,129.53,133.27,182.69,7/1/2004
164,2004,August,138.66,213.49,227.67,175.89,131.83,195.39,186.78,163.09,122.86,144.76,170.9,122.26,158.61,113.54,201.71,177.93,119.46,130.89,134.21,184.95,8/1/2004
165,2004,September,141.64,215.08,230.64,178.15,131.87,198.24,190.68,165.89,123.37,146.04,172.18,122.76,159.36,113.4,205.49,179.79,119.75,132.47,135.22,186.91,9/1/2004
166,2004,October,145.07,215.74,232.28,180.75,132.18,200.79,194.29,168.7,123.27,146.89,173.97,123.03,160.1,113.34,207.07,181.9,119.55,133.67,136.08,188.65,10/1/2004
167,2004,November,148.59,216.58,232.63,183.15,132.16,203.31,197.64,171.33,123.27,147.86,174.04,123.25,160.5,113.75,207.48,183.69,119.41,134.55,137.38,190.08,11/1/2004
168,2004,December,152.38,217.34,233.08,185.72,132.4,206.06,201.37,174.06,123.53,148.85,173.42,123.21,160.49,114.15,207.62,185.16,119.58,134.96,138.61,191.42,12/1/2004
169,2005,January,155.49,219.41,233.78,189.35,132.34,208.63,205.42,177.04,123.84,149.69,173.43,123.06,161.01,114.26,207.35,187.19,120.1,135.46,140.18,193.35,1/1/2005
170,2005,February,160,222.29,235.64,193.5,132.63,212.24,209.67,180.06,124.21,151.02,174.76,123.19,161.03,114.32,209.31,189.29,120.11,136.35,141.31,195.87,2/1/2005
171,2005,March,165.96,226.75,236.56,198.3,132.73,217.86,215.44,183.74,124.7,151.85,176.92,123.46,161.11,114.31,210.98,192.17,119.72,138.3,143.7,199.21,3/1/2005
172,2005,April,173.08,231.59,239.58,201.86,133.85,224.09,221.42,187.22,125.92,153.28,179.04,124.33,162.08,114.91,214.52,194.1,120.65,141.14,146.21,202.51,4/1/2005
173,2005,May,180.16,236.68,242,205.52,134.82,229.87,227.1,191.36,127.12,154.72,181.17,125.32,163.47,116.09,217.28,195.96,121.87,144.36,148.97,205.76,5/1/2005
174,2005,June,188.96,241.7,245.35,208.92,135.71,235.38,233.42,196.6,128.53,156.16,181.33,125.47,165.04,117.97,219.87,197.77,122.43,148.37,151.79,208.86,6/1/2005
175,2005,July,197.15,246.37,247.33,211.56,136.47,239.5,238.98,201.65,129.03,157.38,181.9,125.77,166.09,119.02,221.93,199.86,122.78,151.82,154.11,211.65,7/1/2005
176,2005,August,204.94,251.1,248.45,212.86,137.19,242.06,245.24,207.21,129.51,157.81,181.67,125.65,167.15,119.83,224.51,202.33,123.16,155.04,156.61,214.13,8/1/2005
177,2005,September,211.45,255.85,249.03,214.73,137.6,244.11,251.21,213.19,129.49,159.32,182.45,126.03,168.42,119.6,226.59,204.83,123.17,158.22,158.99,216.77,9/1/2005
178,2005,October,215.95,260.16,249.79,215.55,137.69,245.44,256.99,219.16,129.63,160.47,182.07,126.28,169.43,120.29,227.81,207.64,123.13,160.44,161.06,219.07,10/1/2005
179,2005,November,219.12,262.56,250.34,215.7,137.53,246.7,261,223.85,129.83,162.44,181.69,126.68,170.34,120.26,228.77,210.3,122.72,162.49,162.73,220.81,11/1/2005
180,2005,December,220.75,264.77,248.55,215.11,137.5,247.37,264.83,226.75,130.21,163.16,179.44,127.05,170.33,120.82,229.42,212.68,122.71,164,164.2,221.91,12/1/2005
181,2006,January,221.81,265.92,247.46,214.78,137.42,247.7,268.25,228.98,130.59,163.98,178.17,126.66,169.56,119.96,230.48,213.5,122.12,165.33,165.49,222.46,1/1/2006
182,2006,February,222.65,267.75,247.89,215.5,137.12,248.39,271.68,230.91,130.61,164.67,176.28,126.39,169.32,120.51,231.94,214.47,121.04,167.03,167.09,223.38,2/1/2006
183,2006,March,223.53,268.23,248.09,216.04,136.93,248.86,274.02,233.57,130.62,164.89,177.12,126.12,168.71,121.41,232.38,214.33,120.58,169.87,169.46,223.75,3/1/2006
184,2006,April,225.12,270.44,249.35,217.52,137.28,250.17,276.37,235.85,131.51,165.58,177.62,124.3,169.69,123.38,233.78,214.97,120.85,172.59,172.28,224.99,4/1/2006
185,2006,May,226.51,272.12,249.14,218.37,138.31,251.07,278.68,237.92,132.72,166.61,178.61,123.78,170.38,124.7,234.39,215.57,121.8,175.2,174.84,225.99,5/1/2006
186,2006,June,227.42,273.22,249.6,218.12,139.46,250.99,278.22,237.68,134.01,167.1,177.9,123.12,170.9,126.48,233.75,215.83,122.93,177.72,177.81,226.29,6/1/2006
187,2006,July,227.38,273.85,249.05,217.63,140.26,249.92,278.33,238.09,134.9,167.57,177.79,123.24,170.74,127.96,234.29,215.25,123.49,179.66,179.96,226.17,7/1/2006
188,2006,August,227.01,273.8,247.3,217.22,140.28,247.94,276.8,236.82,135.27,167.99,177.28,123,170.97,128.72,234.78,214.34,123.39,181.02,181.84,225.54,8/1/2006
189,2006,September,225.2,273.94,246.6,216.37,139.65,244.78,277.23,236.42,135.1,168.6,176.34,122.54,171.12,129.04,234.71,214.09,122.27,181.71,183.08,225.1,9/1/2006
190,2006,October,224.5,273.66,244.03,215.42,138.62,243.73,278.91,234.02,134.73,168.59,175.72,121.79,170.64,128.51,233.8,214.29,121.43,181.62,183.79,224.74,10/1/2006
191,2006,November,223.13,273.05,242.11,213.84,137.65,242.28,280.3,232.86,134.18,168.18,172.59,120.94,169.85,128.94,232.56,214.24,120.3,181.34,183.88,223.94,11/1/2006
192,2006,December,221.5,270.03,238.08,212.13,137.11,240.45,280.87,230.91,134.01,167.65,170.31,119.51,168.82,128.88,231.57,213.79,119.59,180.27,183.97,222.39,12/1/2006
193,2007,January,220.2,268.68,237.15,211.78,135.86,238.85,279.42,228.86,133.45,167.52,168.29,117.96,167.95,129.43,230.52,212.78,118.61,179.79,183.92,221.31,1/1/2007
194,2007,February,218.07,266.63,235.53,210.78,134.86,237.98,279.43,228.46,133.3,167.49,168.04,116.85,166.83,129.31,229.64,212.52,117.62,179.9,184.85,220.46,2/1/2007
195,2007,March,216.86,264.58,233.27,211.09,134.2,237.14,276.89,226.58,133.22,167.04,168.52,116.44,165.56,130.44,228.55,212.4,117.6,181.72,186.44,219.67,3/1/2007
196,2007,April,215.04,263.37,232.66,211.47,134.86,236.17,273.53,224.13,134.27,165.87,169.61,114.38,164.78,131.98,226.65,211.62,117.57,183.55,188.89,218.94,4/1/2007
197,2007,May,213.94,263.19,231.78,210.89,136.32,235.41,269.52,221.96,135.03,165.68,170.96,112.16,164.4,133.42,224.79,210.51,118.37,185.21,190.68,218.34,5/1/2007
198,2007,June,212.52,262.12,231.36,209.48,138.09,234.02,264.89,219.28,136.11,165.94,171.29,110.72,164.29,135.05,221.86,209.49,118.35,185.76,191.92,217.37,6/1/2007
199,2007,July,210.78,260.84,229.66,208.64,139.24,232.17,260.39,217.14,136.47,166.13,171.77,111.86,164.97,135.6,219.91,208.37,118.68,186.51,192.3,216.3,7/1/2007
200,2007,August,208.86,258.07,226.73,208.15,139.72,230.21,255.29,212.92,136.44,165.77,170.84,111.59,164.67,135.88,216.83,207.17,118.36,186,192.14,214.63,8/1/2007
201,2007,September,205.28,254.79,222.82,206.46,138.44,229.25,249.61,210.14,135.55,164.42,170.73,110.83,164.2,135.13,213.47,206.38,117.35,185.67,191.66,212.72,9/1/2007
202,2007,October,200.72,249.5,217.02,202.03,136.09,227.56,244.35,206.38,133.86,163.12,169.33,108.15,162.12,133.98,208.68,205.54,115.91,185.1,189.86,209.76,10/1/2007
203,2007,November,194.45,240.43,209.6,195.49,133.36,223.85,237.99,203.45,131.34,161.61,167.39,105.24,159.09,132.68,201.95,204.38,113.27,183.65,187.14,205.26,11/1/2007
204,2007,December,187.67,233.03,202.45,189.23,130.98,218.35,231.71,200.13,129.61,160.03,164.58,103.3,155.72,131.9,196.05,202.09,112.04,182.47,184.88,200.67,12/1/2007
205,2008,January,180.06,224.41,197.45,183.81,128.96,213.2,225.4,194.64,127.76,156.42,162.59,100.17,151.06,131.7,186.05,200.44,108.49,178.81,181.62,196.07,1/1/2008
206,2008,February,172.72,214.83,190.34,174.54,127.47,207.95,218.74,188.59,125.98,153.29,160.31,97.61,145.98,131.22,177.18,198.29,106.82,176.24,179.85,190.6,2/1/2008
207,2008,March,166.97,207.11,185.42,168.38,127.4,203.39,208.88,182.26,124.46,150.33,158.52,95.57,142.29,131.52,169.31,196.51,106.42,174.39,178.29,186.12,3/1/2008
208,2008,April,161.33,202.45,180.56,164.63,128.49,201.32,200.42,178.5,123.62,150.43,158.68,93.76,139.4,131.81,165.71,194.73,109.55,174.87,179.57,183.36,4/1/2008
209,2008,May,157.32,198.54,178.03,162.7,129.73,199.27,193.19,177.14,124.29,149.94,160.34,92.76,140.23,133.16,161.1,194.22,108.88,175.53,178.67,181.56,5/1/2008
210,2008,June,153.19,195.7,175.37,159.83,131.66,197.6,189.87,175.11,124.61,150.11,162.29,92.68,141.53,133.45,158.8,194.74,109.68,175.03,178.28,180.52,6/1/2008
211,2008,July,149.09,192.55,172.2,156.88,132.67,195.44,186.84,175.07,124.73,149.55,162.56,93.21,143.45,133.2,154.64,193.7,109.37,174.21,176.51,178.67,7/1/2008
212,2008,August,144.83,189.18,168.23,151.42,132.64,194.14,183.48,174.3,124.32,149.46,162.73,92.44,142.17,132.1,150.93,193.48,110.54,171.93,175.24,176.71,8/1/2008
213,2008,September,139.79,184.54,164.12,145.53,130.96,190,178.72,171.24,122.71,147.83,160.98,90.17,140.75,130.4,146.86,191.66,109.87,169.67,172.82,173.35,9/1/2008
214,2008,October,135.18,179.82,159.12,139.44,129.05,184.83,173.42,165.44,119.79,145.48,159.17,86.1,135.98,128.02,142.74,189.67,108.76,166.44,170.45,169.68,10/1/2008
215,2008,November,130.54,175.85,155.47,135.28,127.65,180.27,169.62,160.86,116.46,141.39,155.03,83.42,132.92,125.61,138.04,186.52,107.43,162.62,166.23,165.95,11/1/2008
216,2008,December,123.93,171.4,152.16,130.12,125.74,175.56,165.01,156.04,113,137.16,153.05,80.93,126.26,122.4,131.4,183.46,105.21,158.5,160.19,162.09,12/1/2008
217,2009,January,117.11,166.54,148.25,124.44,122.33,171.97,159.04,149.21,109.44,130.8,150.73,77.56,120.34,120.91,125.64,180.95,102.89,153.8,154.37,157.96,1/1/2009
218,2009,February,111.89,163.16,146.82,120.39,120.22,168.04,154.28,145.25,106.65,126.3,148.77,74.6,116.37,118.94,121.06,177.81,97.76,150.88,152.12,154.6,2/1/2009
219,2009,March,106.83,160.88,144.56,117.74,120.39,165.92,148.77,141.37,105.07,122.34,145.83,70.98,109.6,119.3,116.44,173.54,96.86,147.68,149.03,151.45,3/1/2009
220,2009,April,104.45,159.37,144.43,118.46,122.17,167.3,145.77,140.41,105.41,122.3,146.45,69.92,108.85,118.69,112.39,170.5,98.07,146.85,149.38,150.38,4/1/2009
221,2009,May,103.56,159.18,145.06,120.16,123.78,169.49,144.59,140.35,105.98,123.68,148.77,70.05,110.02,119.8,109.49,170.77,102.11,146.97,148.96,151.08,5/1/2009
222,2009,June,104.73,160.9,147.31,124.7,126.92,174.32,145.37,140.9,107.52,124.99,152.71,69.49,113.48,120.66,107.31,171.49,106.38,148.47,149.53,153.2,6/1/2009
223,2009,July,106.7965062,162.7378023,148.7218634,129.6221195,129.7336021,180.1872535,146.1303967,141.3366327,109.0739943,124.6730142,154.7741513,68.30180663,119.4153716,121.934206,105.4799333,171.5045417,108.8287404,150.1273692,150.0085961,155.7222886,7/1/2009
224,2009,August,109.3620407,165.0040669,149.7267431,134.5956529,131.9878322,186.4250493,146.8909896,141.7943346,110.684894,123.2474312,155.716846,66.37926424,125.8857347,122.6479142,103.9133104,170.1118325,110.2372793,151.3314997,150.5416261,158.0586189,8/1/2009
225,2009,September,111.6996973,167.9252202,149.8688601,139.576104,132.7717273,193.1040694,147.6515804,142.2481207,111.9418114,122.1590979,155.7688894,64.66324107,132.4168459,122.7278994,102.4016905,168.8503617,110.3470306,151.8442799,151.0441539,159.7840212,9/1/2009
226,2009,October,113.4275012,170.8327888,149.2949087,144.5574858,132.6816921,199.7950821,148.4121713,142.7026346,112.8293109,120.7138735,155.6154663,62.97325526,138.9548551,122.6574568,100.9015544,167.5860957,110.3871035,151.8621566,151.5466817,160.6558798,10/1/2009
227,2009,November,114.3533557,173.3865849,148.2037456,149.5389929,131.4330985,206.6580161,149.1727622,143.1570133,113.2531526,119.4118923,155.4146438,61.28655215,145.4936475,122.5513067,99.40381597,166.3218892,110.4017351,151.5516262,152.0492094,160.6543912,11/1/2009
228,2009,December,114.5495337,176.0033131,146.9841115,154.5205168,129.9402638,213.489888,149.933353,143.611417,113.2882605,117.9902895,155.2028865,59.60026293,152.0325289,122.4366808,97.90657813,165.0576814,110.4070775,151.0612512,152.5517372,159.9805559,12/1/2009
229,2010,January,114.2452705,178.8983124,146.0394352,159.502043,128.161867,220.3911104,150.6939439,144.0658161,113.0062414,116.6251694,154.9886067,57.91402588,158.5714203,122.3200429,96.4094448,163.7934737,110.4090281,150.4793839,153.054265,159.001655,1/1/2010
230,2010,February,113.7454037,181.7538807,145.7067547,164.4835695,126.9124369,227.2681913,151.4545348,144.5202161,112.5335508,115.2188001,154.7737449,56.22779541,165.1103129,122.2029274,94.91233329,162.5292659,110.4097403,149.8579134,153.5567928,158.1563443,2/1/2010
231,2010,March,113.3322105,184.4101598,146.1568175,169.465096,126.0071992,234.1748635,152.2151256,144.9746159,111.9812455,113.8338957,154.5587489,54.54156578,171.6492056,122.0856986,93.41522633,161.2650582,110.4100004,149.2220287,154.0593206,157.8433196,3/1/2010
232,2010,April,113.2021941,187.0979963,147.3523055,174.4466226,125.9108926,241.0674546,152.9757165,145.4290158,111.4535973,112.4344961,154.343722,52.85533624,178.1880984,121.9684429,91.91812033,160.0008504,110.4100953,148.5830732,154.5618484,158.3216754,4/1/2010
233,2010,May,113.4359598,189.9315676,149.0565259,179.4281491,126.1840482,247.9732936,153.7363074,145.8834156,111.0220091,111.0430928,154.1286879,51.16910672,184.7269911,121.8511807,90.42101453,158.7366427,110.41013,147.9450407,155.0643762,159.6478104,5/1/2010
234,2010,June,114.005036,192.7413344,150.8972357,184.4096756,126.9925515,254.871662,154.4968982,146.3378155,110.7289868,109.646534,153.9136521,49.4828772,191.2658839,121.7339171,88.92390877,157.472435,110.4101427,147.3088337,155.566904,161.6642039,6/1/2010
235,2010,July,114.8038533,195.4450484,152.4659078,189.3912022,127.7913977,261.7761636,155.2574891,146.7922153,110.5848324,108.2529207,153.6986159,47.79664768,197.8047766,121.6166531,87.42680301,156.2082272,110.4101473,146.6741899,156.0694318,164.0421262,7/1/2010
236,2010,August,115.6938007,198.1669064,153.4268944,194.3727287,128.6668516,268.6768643,156.01808,147.2466151,110.5759277,106.85746,153.4835797,46.11041816,204.3436693,121.499389,85.92969726,154.9440195,110.410149,146.0406038,156.5719595,166.3667618,8/1/2010
237,2010,September,116.5453346,200.96602,153.6069721,199.3542553,129.1773406,275.5804647,156.7786709,147.701015,110.6712499,105.4630772,153.2685435,44.42418865,210.8825621,121.3821249,84.43259151,153.6798117,110.4101496,145.4076367,157.0744873,168.2427323,9/1/2010
238,2010,October,117.2682024,203.7513649,153.0415091,204.3357818,129.5043762,282.4821709,157.5392617,148.1554148,110.831833,104.0680293,153.0535072,42.73795913,217.4214548,121.2648608,82.93548576,152.415604,110.4101498,144.7749927,157.5770151,169.3931951,10/1/2010
239,2010,November,117.8249251,206.4804501,151.9649012,209.3173083,129.4013671,289.3852654,158.2998526,148.6098146,111.0180969,102.6733744,152.8384709,41.05172961,223.9603476,121.1475967,81.43838001,151.1513963,110.4101499,144.1424977,158.0795429,169.7277042,11/1/2010
240,2010,December,118.2280384,209.2199732,150.7478814,214.2988349,129.1656727,296.2874261,159.0604435,149.0642145,111.1961243,101.2784795,152.6234347,39.36550009,230.4992403,121.0303326,79.94127426,149.8871885,110.4101499,143.5100613,158.5820707,169.3622297,12/1/2010
